shrimp_ID,video_ID,acc_hr,Temperature,use_SPL,max_SPL,body_mass_g,DactylLength_mm,use_distance,bubble_dist_mm,use_bubble,max_size_mm2,growth_ms,collapse_ms,rebound_ms,col_rate_mm2pms
Pistol04,Pistol04_strike1,72,20,1,208.6558872,1.78,8.086375555,Y,16.24767313,1,58.76505708,0.25,0.32,0.38,183.6408034
Pistol04,Pistol04_strike2,72,20,1,210.0411723,1.78,8.086375555,Y,16.17501047,1,56.13682199,0.27,0.3,0.35,187.12274
Pistol04,Pistol04_strike3,72,20,1,208.9729523,1.78,8.086375555,Y,15.96829292,1,55.16191994,0.27,0.27,0.35,204.3034072
Pistol04,Pistol04_strike5,72,20,1,213.6366093,1.78,8.086375555,Y,16.32515006,1,45.47972551,0.22,0.27,0.35,168.4434278
Pistol04,Pistol04_strike6,72,20,0,NA,1.78,8.086375555,N,NA,0,NA,NA,NA,NA,NA
Pistol04,Pistol04_strike7,72,20,0,NA,1.78,8.086375555,N,NA,0,NA,NA,NA,NA,NA
Pistol04,Pistol04_strike8,72,20,1,214.9903078,1.78,8.086375555,Y,15.71058113,1,53.87757844,0.27,0.23,0.35,234.250341
Pistol04,Pistol04_strike9,72,20,1,215.4937145,1.78,8.086375555,M,NA,1,60.74552225,0.28,0.23,0.38,264.1109663
Pistol04,Pistol04_strike10,72,20,1,210.2524823,1.75,8.086375555,N,NA,0,NA,NA,NA,0.33,NA
Pistol06,Pistol06_strike1,72,20,1,212.8793448,1.86,7.155461097,M,NA,1,41.21728009,0.22,0.23,0.32,179.2055656
Pistol06,Pistol06_strike2,72,20,0,NA,1.86,7.155461097,N,NA,0,NA,NA,NA,NA,NA
Pistol06,Pistol06_strike3,72,20,1,204.1594288,1.86,7.155461097,N,NA,0,NA,NA,NA,0.33,NA
Pistol06,Pistol06_strike4,72,20,1,197.4849518,1.86,7.155461097,Y,13.15227613,1,17.26354241,0.2,0.12,0.23,143.8628534
Pistol06,Pistol06_strike5,72,20,1,209.5645223,1.86,7.155461097,Y,NA,1,36.40913117,0.2,0.18,0.3,202.2729509
Pistol06,Pistol06_strike6,72,20,1,199.4046123,1.86,7.155461097,Y,NA,0,NA,NA,NA,0.25,NA
Pistol06,Pistol06_strike7,72,20,1,209.4201399,1.86,7.155461097,Y,13.6041401,1,41.1137638,0.27,0.22,0.3,186.8807445
Pistol06,Pistol06_strike8,72,20,1,177.8086353,1.86,7.155461097,M,NA,0,NA,NA,NA,0.3,NA
Pistol06,Pistol06_strike9,72,20,1,172.6367748,1.86,7.155461097,N,NA,0,NA,NA,NA,0.25,NA
Pistol06,Pistol06_strike10,72,20,1,176.0905863,1.86,7.155461097,Y,14.00979912,1,37.99378226,0.18,0.27,0.28,140.7177121
Pistol08,Pistol08_strike1,72,20,1,202.79454,0.31,4.511518821,N,NA,0,NA,NA,NA,0.13,NA
Pistol08,Pistol08_strike2,72,20,0,NA,0.31,4.511518821,N,NA,0,NA,NA,NA,NA,NA
Pistol08,Pistol08_strike3,72,20,1,200.9300534,0.31,4.511518821,Y,8.628302442,1,18.97863764,0.13,0.17,0.18,111.6390449
Pistol08,Pistol08_strike4,72,20,1,182.4782886,0.31,4.511518821,Y,6.740189261,0,NA,NA,NA,0.1,NA
Pistol08,Pistol08_strike5,72,20,1,198.9717385,0.31,4.511518821,N,NA,1,19.72181142,0.13,0.17,0.17,116.0106554
Pistol08,Pistol08_strike6,72,20,1,197.4435458,0.31,4.511518821,N,NA,0,NA,NA,0.15,0.17,NA
Pistol08,Pistol08_strike7,72,20,1,200.7158274,0.31,4.511518821,Y,8.556874644,1,19.07115619,0.17,0.17,0.17,112.1832717
Pistol08,Pistol08_strike8,72,20,1,200.4131807,0.31,4.511518821,N,NA,1,18.532049,0.12,0.2,0.17,92.660245
Pistol08,Pistol08_strike9,72,20,1,199.2768685,0.31,4.511518821,N,NA,1,18.51466139,0.12,0.17,0.17,108.9097729
Pistol08,Pistol08_strike10,72,20,1,200.5595109,0.31,4.511518821,Y,8.812837011,1,18.85295227,0.15,0.17,0.17,110.8997192
Pistol01,Pistol01_strike1,24,20,1,187.2875017,0.77,4.218321874,Y,9.049177971,1,16.14702221,0.13,0.17,0.18,94.98248359
Pistol01,Pistol01_strike2,24,20,1,187.7957553,0.77,4.218321874,N,NA,0,NA,0.13,0.17,0.17,NA
Pistol01,Pistol01_strike3,24,20,1,181.7395102,0.77,4.218321874,N,NA,0,NA,0.15,0.15,0.18,NA
Pistol01,Pistol01_strike4,24,20,1,185.7658231,0.77,4.218321874,Y,8.64175223,1,15.55905872,0.13,0.18,0.18,86.43921511
Pistol01,Pistol01_strike5,24,20,0,NA,0.77,4.218321874,N,NA,0,NA,NA,NA,NA,NA
Pistol01,Pistol01_strike6,24,20,1,185.9034094,0.77,4.218321874,M,NA,1,15.16692077,0.1,0.2,0.18,75.83460385
Pistol01,Pistol01_strike7,24,20,1,185.6613472,0.77,4.218321874,Y,8.525016662,1,14.62331053,0.13,0.17,0.17,86.01947371
Pistol01,Pistol01_strike8,24,20,1,185.7311372,0.77,4.218321874,Y,8.986788349,1,15.03596531,0.1,0.22,0.17,68.34529686
Pistol03,Pistol03_strike1,24,20,1,201.1662205,0.41,4.386294225,Y,7.619501833,1,13.42991135,0.12,0.13,0.17,103.3070104
Pistol03,Pistol03_strike2,24,20,1,195.594496,0.41,4.386294225,N,NA,0,NA,0.17,0.1,0.17,NA
Pistol03,Pistol03_strike3,24,20,1,199.3757411,0.41,4.386294225,Y,8.027645506,1,18.66593445,0.1,0.15,0.17,124.439563
Pistol03,Pistol03_strike4,24,20,1,197.4399018,0.41,4.386294225,Y,7.958284137,1,16.91269503,0.13,0.13,0.17,130.0976541
Pistol03,Pistol03_strike5,24,20,1,197.1083736,0.41,4.386294225,N,NA,0,NA,0.15,0.15,0.15,NA
Pistol03,Pistol03_strike6,24,20,1,201.3812241,0.41,4.386294225,Y,8.174565023,1,18.59115219,0.13,0.17,0.15,109.3597188
Pistol03,Pistol03_strike7,24,20,1,197.1831414,0.41,4.386294225,N,NA,0,NA,0.17,0.13,0.15,NA
Pistol03,Pistol03_strike8,24,20,1,198.3728283,0.41,4.386294225,Y,8.228992914,1,18.09285453,0.15,0.15,0.15,120.6190302
Pistol03,Pistol03_strike9,24,20,1,196.6456634,0.41,4.386294225,Y,8.284932313,1,17.34831488,0.15,0.15,0.17,115.6554325
Pistol03,Pistol03_strike10,24,20,1,195.4707009,0.41,4.386294225,Y,8.060680694,1,17.15775121,0.15,0.17,0.15,100.9279483
Pistol05,Pistol05_strike1,24,20,1,205.0560924,0.38,4.168825371,Y,8.090636593,0,NA,0.13,0.1,0.15,NA
Pistol05,Pistol05_strike2,24,20,1,200.9698445,0.38,4.168825371,Y,7.429363849,1,7.563611886,0.13,0.08,0.13,94.54514858
Pistol05,Pistol05_strike3,24,20,1,205.7286652,0.38,4.168825371,Y,7.625207797,1,11.23059074,0.13,0.12,0.13,93.58825617
Pistol05,Pistol05_strike4,24,20,1,196.8607903,0.38,4.168825371,Y,7.22055037,1,5.027688202,0.02,0.1,0.1,50.27688202
Pistol05,Pistol05_strike5,24,20,1,202.6201207,0.38,4.168825371,N,NA,1,10.59677902,0.12,0.12,0.15,88.30649183
Pistol05,Pistol05_strike6,24,20,1,193.0407871,0.38,4.168825371,Y,6.924673717,1,4.821771901,0.07,0.1,0.13,48.21771901
Pistol05,Pistol05_strike7,24,20,1,186.8886957,0.38,4.168825371,Y,7.114701571,1,3.544488763,0.08,0.07,0.1,50.63555376
Pistol05,Pistol05_strike8,24,20,1,192.9351886,0.38,4.168825371,Y,7.086763457,1,4.851048421,0.08,0.1,0.12,48.51048421
Pistol15,Pistol15_strike1,24,15,1,185.1409885,0.8,5.700097129,Y,8.814333563,0,NA,NA,NA,0.12,NA
Pistol15,Pistol15_strike2,24,15,1,184.1564663,0.8,5.700097129,M,NA,1,3.762343927,0.1,0.05,0.12,75.24687854
Pistol15,Pistol15_strike3,24,15,1,179.4169021,0.8,5.700097129,Y,7.683262508,1,2.823634292,0.07,0.03,0.1,94.12114307
Pistol15,Pistol15_strike4,24,15,1,179.3878254,0.8,5.700097129,Y,7.880723742,1,3.059078849,0.08,0.05,0.1,61.18157698
Pistol15,Pistol15_strike5,24,15,1,173.7281702,0.8,5.700097129,Y,7.319574208,1,1.748890655,0.05,0.03,0.08,58.29635517
Pistol15,Pistol15_strike6,24,15,1,173.3889304,0.8,5.700097129,N,NA,1,3.420646586,0.1,0.05,0.08,68.41293172
Pistol15,Pistol15_strike7,24,15,1,177.1245824,0.8,5.700097129,N,NA,1,3.292757831,0.08,0.07,0.1,47.03939759
Pistol15,Pistol15_strike8,24,15,1,179.3153825,0.8,5.700097129,N,NA,0,NA,NA,NA,0.1,NA
Pistol15,Pistol15_strike9,24,15,1,180.1746641,0.8,5.700097129,M,NA,1,4.599067572,0.12,0.08,0.12,57.48834465
Pistol15,Pistol15_strike10,24,15,1,175.9202725,0.8,5.700097129,M,NA,1,2.683021825,0.07,0.05,0.1,53.6604365
Pistol07,Pistol07_strike1,24,15,1,199.6951753,0.7,5.021016029,N,NA,0,NA,0.23,0.17,0.2,NA
Pistol07,Pistol07_strike2,24,15,1,197.5118812,0.7,5.021016029,N,NA,0,NA,NA,NA,0.18,NA
Pistol07,Pistol07_strike3,24,15,1,195.5721029,0.7,5.021016029,N,NA,0,NA,0.13,0.2,0.2,NA
Pistol07,Pistol07_strike4,24,15,1,189.3164477,0.7,5.021016029,N,NA,0,NA,0.1,0.17,0.15,NA
Pistol07,Pistol07_strike5,24,15,1,197.7505067,0.7,5.021016029,N,NA,0,NA,0.2,0.15,0.18,NA
Pistol07,Pistol07_strike6,24,15,1,191.3767222,0.7,5.021016029,N,NA,1,21.05769705,0.22,0.15,0.18,140.384647
Pistol07,Pistol07_strike7,24,15,1,197.6540748,0.7,5.021016029,N,NA,1,25.92613486,0.18,0.2,0.18,129.6306743
Pistol07,Pistol07_strike9,24,15,1,197.8026679,0.7,5.021016029,Y,9.301079269,1,23.00183566,0.18,0.18,0.18,127.7879759
Pistol07,Pistol07_strike8,24,15,1,195.8369157,0.7,5.021016029,M,NA,1,27.92556315,0.2,0.18,0.22,155.1420175
Pistol07,Pistol07_strike10,24,15,1,194.7501985,0.7,5.021016029,N,NA,0,NA,0.18,0.2,0.18,NA
Pistol16,Pistol16_strike1,24,15,1,192.7974843,0.46,4.349475971,Y,8.368303015,1,12.79181323,0.13,0.15,0.15,85.27875487
Pistol16,Pistol16_strike2,24,15,1,188.9880102,0.46,4.349475971,N,NA,1,17.36350483,0.17,0.13,0.15,133.5654218
Pistol16,Pistol16_strike3,24,15,1,190.8911985,0.46,4.349475971,M,NA,1,15.39573226,0.12,0.13,0.17,118.4287097
Pistol16,Pistol16_strike4,24,15,1,190.0869336,0.46,4.349475971,Y,8.41045619,1,14.98119282,0.15,0.13,0.17,115.2399448
Pistol16,Pistol16_strike5,24,15,1,189.7080805,0.46,4.349475971,Y,8.393993833,1,13.98163145,0.15,0.13,0.15,107.5510112
Pistol16,Pistol16_strike6,24,15,1,195.8086469,0.46,4.349475971,Y,8.382780667,1,14.50938074,0.15,0.13,0.17,111.6106211
Pistol16,Pistol16_strike7,24,15,1,191.8262162,0.46,4.349475971,Y,8.106126847,1,11.37616769,0.13,0.12,0.17,94.80139742
Pistol16,Pistol16_strike8,24,15,0,NA,0.46,4.349475971,M,NA,1,13.03167812,0.13,0.13,0.15,100.2436778
Pistol16,Pistol16_strike9,24,15,1,190.3444257,0.46,4.349475971,N,NA,1,11.73450936,0.12,0.13,0.18,90.26545662
Pistol16,Pistol16_strike10,24,15,1,194.5307435,0.46,4.349475971,Y,8.525068028,1,12.25517982,0.05,0.13,0.17,94.270614
Pistol19,Pistol19_strike1,72,15,1,204.2918084,0.2,3.221905448,N,NA,1,3.134571456,0.07,0.07,0.1,44.77959223
Pistol19,Pistol19_strike2,72,15,1,205.6060175,0.2,3.221905448,N,NA,0,NA,NA,NA,0.12,NA
Pistol19,Pistol19_strike3,72,15,1,205.6060175,0.2,3.221905448,N,NA,0,NA,NA,NA,0.1,NA
Pistol19,Pistol19_strike4,72,15,1,203.8496737,0.2,3.221905448,Y,5.665856462,1,6.902654167,0.1,0.08,0.12,86.28317709
Pistol19,Pistol19_strike5,72,15,1,208.130083,0.2,3.221905448,N,NA,0,NA,0.12,0.07,0.13,NA
Pistol19,Pistol19_strike6,72,15,1,203.9185117,0.2,3.221905448,Y,5.826428591,1,6.220859832,0.1,0.07,0.13,88.86942617
Pistol19,Pistol19_strike7,72,15,1,209.3699502,0.2,3.221905448,N,NA,0,NA,NA,NA,0.13,NA
Pistol19,Pistol19_strike8,72,15,1,205.1607322,0.2,3.221905448,N,NA,0,NA,0.12,0.08,0.12,NA
Pistol19,Pistol19_strike9,72,15,1,207.507644,0.2,3.221905448,Y,5.835011186,1,6.911789025,0.08,0.07,0.12,98.73984321
Pistol19,Pistol19_strike10,72,15,1,208.3102935,0.2,3.221905448,N,NA,0,NA,0.12,0.08,0.12,NA
Pistol19,Pistol19_strike11,72,15,1,206.8408387,0.2,3.221905448,N,NA,0,NA,0.1,0.07,0.12,NA
Pistol19,Pistol19_strike12,72,15,1,207.4353486,0.2,3.221905448,N,NA,1,8.475068457,0.12,0.08,0.12,105.9383557
Pistol19,Pistol19_strike13,72,15,1,206.3787458,0.2,3.221905448,N,NA,1,8.642265022,0.1,0.08,0.12,108.0283128
Pistol58,Pistol58_strike1,24,25,1,206.1841553,0.25,3.522333584,Y,5.799261602,1,9.454668756,0.1,0.12,0.13,78.7889063
Pistol58,Pistol58_strike2,24,25,1,203.143525,0.25,3.522333584,Y,6.211941371,1,9.560926278,0.13,0.1,0.12,95.60926278
Pistol58,Pistol58_strike3,24,25,1,206.441144,0.25,3.522333584,Y,6.160776891,1,10.40605616,0.13,0.1,0.12,104.0605616
Pistol58,Pistol58_strike4,24,25,1,196.1086774,0.25,3.522333584,Y,6.190717004,1,9.992965528,0.13,0.12,0.12,83.27471273
Pistol58,Pistol58_strike5,24,25,1,195.3451158,0.25,3.522333584,Y,5.731362814,1,10.88057126,0.13,0.12,0.12,90.67142717
Pistol58,Pistol58_strike6,24,25,1,194.6933814,0.25,3.522333584,Y,5.767334834,1,8.408385203,0.13,0.08,0.13,105.104815
Pistol58,Pistol58_strike7,24,25,1,192.9806091,0.25,3.522333584,Y,6.182128085,1,8.771939888,0.15,0.08,0.13,109.6492486
Pistol58,Pistol58_strike8,24,25,1,195.594496,0.25,3.522333584,Y,6.074133356,1,10.00475943,0.13,0.1,0.13,100.0475943
Pistol58,Pistol58_strike9,24,25,1,195.9126547,0.25,3.522333584,Y,5.623342364,1,10.95001927,0.15,0.1,0.13,109.5001927
Pistol58,Pistol58_strike10,24,25,1,195.9341546,0.25,3.522333584,Y,5.971610273,1,10.61216286,0.12,0.13,0.12,81.632022
Pistol52,Pistol52_strike1,24,25,1,202.2355062,0.26,3.03665894,Y,6.369366509,1,14.36487646,0.15,0.12,0.12,119.7073038
Pistol52,Pistol52_strike2,24,25,1,202.0035324,0.26,3.03665894,Y,6.343301699,1,14.8618382,0.13,0.12,0.13,123.8486517
Pistol52,Pistol52_strike3,24,25,1,204.9311315,0.26,3.03665894,N,NA,1,12.13301824,0.13,0.12,0.13,101.1084853
Pistol52,Pistol52_strike4,24,25,1,200.2577985,0.26,3.03665894,Y,6.291122872,1,13.28140432,0.12,0.1,0.13,132.8140432
Pistol52,Pistol52_strike5,24,25,1,200.3681481,0.26,3.03665894,Y,6.342570312,1,12.95890644,0.13,0.12,0.13,107.990887
Pistol52,Pistol52_strike6,24,25,1,202.1203019,0.26,3.03665894,Y,6.350079195,1,11.08348901,0.13,0.1,0.13,110.8348901
Pistol52,Pistol52_strike7,24,25,1,200.6785803,0.26,3.03665894,Y,6.27449466,1,12.29366997,0.13,0.1,0.13,122.9366997
Pistol52,Pistol52_strike8,24,25,1,203.433812,0.26,3.03665894,Y,6.235354879,1,14.01791537,0.13,0.12,0.13,116.8159614
Pistol52,Pistol52_strike9,24,25,1,203.2691194,0.26,3.03665894,Y,6.353890273,1,14.10928151,0.13,0.12,0.13,117.5773459
Pistol52,Pistol52_strike10,24,25,1,202.4664925,0.26,3.03665894,N,NA,1,11.93459936,0.13,0.1,0.13,119.3459936
Pistol49,Pistol49_strike1,24,25,1,208.1353632,0.51,4.589467833,Y,8.811847763,1,22.98144146,0.15,0.18,0.17,127.6746748
Pistol49,Pistol49_strike2,24,25,0,NA,0.51,4.589467833,N,NA,0,NA,NA,NA,NA,NA
Pistol49,Pistol49_strike3,24,25,1,202.4034394,0.51,4.589467833,N,NA,0,NA,NA,NA,0.2,NA
Pistol49,Pistol49_strike4,24,25,1,207.0045968,0.51,4.589467833,N,NA,1,23.41301154,0.18,0.18,0.18,130.0722863
Pistol49,Pistol49_strike5,24,25,1,203.9680922,0.51,4.589467833,N,NA,0,NA,NA,NA,0.2,NA
Pistol49,Pistol49_strike6,24,25,0,NA,0.51,4.589467833,N,NA,0,NA,NA,NA,NA,NA
Pistol49,Pistol49_strike7,24,25,1,209.5578066,0.51,4.589467833,Y,8.98925476,1,20.89310761,0.15,0.17,0.18,122.900633
Pistol49,Pistol49_strike8,24,25,1,204.8506613,0.51,4.589467833,M,NA,1,17.84981462,0.17,0.17,0.18,104.9989095
Pistol49,Pistol49_strike9,24,25,1,204.0233057,0.51,4.589467833,Y,8.918341175,1,19.4561311,0.17,0.18,0.17,108.0896172
Pistol49,Pistol49_strike10,24,25,1,203.2903314,0.51,4.589467833,N,NA,1,19.83356401,0.18,0.2,0.2,99.16782005
Pistol29,Pistol29_strike1,72,25,1,201.4725696,0.32,3.992900878,Y,8.113348512,1,19.29002745,0.17,0.15,0.15,128.600183
Pistol29,Pistol29_strike2,72,25,1,202.7779358,0.32,3.992900878,Y,8.39496713,1,17.7671212,0.13,0.15,0.17,118.4474747
Pistol29,Pistol29_strike3,72,25,1,201.2656565,0.32,3.992900878,Y,8.137351322,1,18.44509777,0.15,0.15,0.15,122.9673185
Pistol29,Pistol29_strike4,72,25,1,198.1758332,0.32,3.992900878,Y,8.280913384,1,18.5408538,0.15,0.17,0.15,109.0638459
Pistol29,Pistol29_strike5,72,25,1,200.4490235,0.32,3.992900878,Y,7.949370707,1,17.04483252,0.17,0.15,0.15,113.6322168
Pistol29,Pistol29_strike6,72,25,1,200.8303209,0.32,3.992900878,Y,8.058429664,1,20.08720469,0.18,0.13,0.15,154.5169592
Pistol29,Pistol29_strike7,72,25,1,203.3317045,0.32,3.992900878,Y,8.143194381,1,20.36930164,0.15,0.18,0.13,113.1627869
Pistol29,Pistol29_strike8,72,25,1,199.9965333,0.32,3.992900878,N,NA,1,16.96702455,0.17,0.13,0.15,130.5155735
Pistol29,Pistol29_strike9,72,25,1,199.3031517,0.32,3.992900878,N,NA,1,15.38525649,0.15,0.13,0.15,118.3481268
Pistol29,Pistol29_strike10,72,25,1,198.6523287,0.32,3.992900878,Y,8.363781551,1,13.67297833,0.13,0.12,0.15,113.9414861
Pistol02,Pistol02_strike1,72,25,0,NA,0.69,4.522384303,Y,8.826948291,1,19.97118723,0.22,0.17,0.2,117.4775719
Pistol02,Pistol02_strike2,72,25,1,206.4878258,0.69,4.522384303,Y,9.000316437,1,16.0438941,0.17,0.17,0.18,94.37584765
Pistol02,Pistol02_strike3,72,25,1,205.0748774,0.69,4.522384303,Y,8.982507218,1,19.78632939,0.2,0.17,0.2,116.3901729
Pistol02,Pistol02_strike4,72,25,1,208.5935629,0.69,4.522384303,N,NA,1,19.19261635,0.18,0.18,0.18,106.6256464
Pistol02,Pistol02_strike5,72,25,1,205.6074299,0.69,4.522384303,M,NA,1,19.86451406,0.18,0.18,0.18,110.3584114
Pistol02,Pistol02_strike6,72,25,1,204.5649957,0.69,4.522384303,N,NA,0,NA,NA,NA,0.18,NA
Pistol02,Pistol02_strike7,72,25,1,202.9040776,0.69,4.522384303,N,NA,1,15.48436923,0.18,0.17,0.2,91.08452488
Pistol02,Pistol02_strike8,72,25,1,207.273758,0.69,4.522384303,N,NA,1,18.03010247,0.18,0.15,0.2,120.2006831
Pistol02,Pistol02_strike9,72,25,1,202.3881318,0.69,4.522384303,N,NA,0,NA,0.15,0.12,0.15,NA
Pistol02,Pistol02_strike10,72,25,1,200.2381966,0.69,4.522384303,N,NA,0,NA,0.15,0.12,0.17,NA
Pistol59,Pistol59_strike1,72,25,1,209.9260495,0.46,4.254892679,Y,7.996551101,1,22.79462389,0.15,0.13,0.18,175.3432607
Pistol59,Pistol59_strike2,72,25,1,197.2849145,0.46,4.254892679,Y,9.048734464,1,12.51049145,0.13,0.12,0.13,104.2540954
Pistol59,Pistol59_strike3,72,25,1,199.8471612,0.46,4.254892679,M,NA,1,13.49845129,0.15,0.12,0.13,112.4870941
Pistol59,Pistol59_strike4,72,25,1,202.070598,0.46,4.254892679,Y,8.292597767,1,19.40033641,0.15,0.15,0.15,129.3355761
Pistol59,Pistol59_strike5,72,25,1,195.3565983,0.46,4.254892679,Y,9.017289454,1,13.69351462,0.13,0.13,0.13,105.3347278
Pistol59,Pistol59_strike6,72,25,1,196.5059315,0.46,4.254892679,N,NA,1,11.24382747,0.17,0.1,0.13,112.4382747
Pistol59,Pistol59_strike7,72,25,1,200.410592,0.46,4.254892679,Y,8.226087052,1,21.77349973,0.18,0.15,0.15,145.1566649
Pistol59,Pistol59_strike8,72,25,1,197.9572715,0.46,4.254892679,Y,8.44672388,1,21.03647064,0.17,0.15,0.13,140.2431376
Pistol59,Pistol59_strike9,72,25,1,196.8993654,0.46,4.254892679,Y,8.33613907,1,19.9881839,0.17,0.15,0.15,133.2545593
Pistol59,Pistol59_strike10,72,25,1,195.3382262,0.46,4.254892679,Y,9.024510498,1,13.15316675,0.17,0.1,0.13,131.5316675
Pistol48,Pistol48_strike1,72,25,0,NA,0.26,3.496642119,N,NA,0,NA,NA,NA,NA,NA
Pistol48,Pistol48_strike2,72,25,0,NA,0.26,3.496642119,N,NA,0,NA,NA,NA,NA,NA
Pistol48,Pistol48_strike3,72,25,1,200.7442764,0.26,3.496642119,Y,8.059634726,1,14.21879594,0.12,0.12,0.17,118.4899662
Pistol48,Pistol48_strike4,72,25,0,NA,0.26,3.496642119,N,NA,0,NA,NA,NA,NA,NA
Pistol48,Pistol48_strike5,72,25,1,195.8694609,0.26,3.496642119,N,NA,1,10.69938889,0.13,0.12,0.15,89.16157408
Pistol48,Pistol48_strike6,72,25,1,197.1551716,0.26,3.496642119,N,NA,1,10.07953936,0.15,0.1,0.13,100.7953936
Pistol48,Pistol48_strike7,72,25,1,188.7799699,0.26,3.496642119,Y,7.951040848,1,6.29721658,0.07,0.12,0.12,52.47680483
Pistol48,Pistol48_strike8,72,25,1,182.805597,0.26,3.496642119,N,NA,0,NA,NA,NA,0.12,NA
Pistol48,Pistol48_strike9,72,25,1,196.5501193,0.26,3.496642119,Y,8.342227122,1,14.54450477,0.13,0.13,0.17,111.8808059
Pistol26,Pistol26_strike1,24,30,1,205.3750012,0.35,3.871461087,N,NA,1,9.668181538,0.13,0.1,0.15,96.68181538
Pistol26,Pistol26_strike2,24,30,1,198.6129325,0.35,3.871461087,N,NA,0,NA,0.1,0.12,0.13,NA
Pistol26,Pistol26_strike3,24,30,1,205.8358698,0.35,3.871461087,N,NA,1,12.64951959,0.15,0.1,0.17,126.4951959
Pistol26,Pistol26_strike4,24,30,1,203.0540266,0.35,3.871461087,Y,7.907775109,1,9.30480131,0.12,0.1,0.15,93.0480131
Pistol26,Pistol26_strike5,24,30,1,207.0045968,0.35,3.871461087,N,NA,0,NA,0.1,0.15,0.17,NA
Pistol26,Pistol26_strike6,24,30,1,202.5852125,0.35,3.871461087,Y,NA,1,8.220856428,0.1,0.08,0.15,102.7607054
Pistol26,Pistol26_strike7,24,30,1,202.9827236,0.35,3.871461087,N,NA,1,9.814136219,0.13,0.1,0.15,98.14136219
Pistol26,Pistol26_strike8,24,30,1,201.7465144,0.35,3.871461087,N,NA,1,10.79898087,0.15,0.13,0.17,83.06908362
Pistol26,Pistol26_strike9,24,30,0,NA,0.35,3.871461087,N,NA,0,NA,NA,NA,NA,NA
Pistol26,Pistol26_strike10,24,30,1,210.2243005,0.35,3.871461087,Y,8.186994568,1,11.70323623,0.13,0.12,0.15,97.52696858
Pistol20,Pistol20_strike1,24,30,1,208.6050837,0.65,5.168172278,N,NA,1,18.00345776,0.17,0.2,0.2,90.0172888
Pistol20,Pistol20_strike2,24,30,1,208.5935629,0.65,5.168172278,Y,10.1498945,1,19.09557314,0.17,0.15,0.2,127.3038209
Pistol20,Pistol20_strike3,24,30,1,205.1458623,0.65,5.168172278,Y,10.45368608,1,20.1898657,0.15,0.2,0.2,100.9493285
Pistol20,Pistol20_strike4,24,30,1,202.9683895,0.65,5.168172278,Y,10.32457039,1,19.96223325,0.18,0.17,0.18,117.4249015
Pistol20,Pistol20_strike5,24,30,1,200.7096339,0.65,5.168172278,Y,10.27733989,1,17.80171612,0.17,0.17,0.2,104.7159772
Pistol20,Pistol20_strike6,24,30,1,202.8042969,0.65,5.168172278,Y,10.5199864,1,20.36856541,0.15,0.17,0.2,119.8150906
Pistol20,Pistol20_strike7,24,30,1,203.8669344,0.65,5.168172278,Y,9.786152309,1,17.97106627,0.18,0.15,0.2,119.8071085
Pistol20,Pistol20_strike8,24,30,1,203.2274608,0.65,5.168172278,Y,10.30302373,1,22.13995575,0.18,0.17,0.22,130.2350338
Pistol20,Pistol20_strike9,24,30,1,200.6411534,0.65,5.168172278,Y,10.1581615,1,16.20061425,0.17,0.17,0.2,95.29773088
Pistol20,Pistol20_strike10,24,30,1,198.0957929,0.65,5.168172278,Y,10.4240021,1,19.107236,0.17,0.17,0.2,112.3955059
Pistol33,Pistol33_strike1,24,30,1,200.8936968,0.42,4.072106846,Y,7.189720236,1,14.95273671,0.17,0.13,0.17,115.0210516
Pistol33,Pistol33_strike2,24,30,1,200.9963021,0.42,4.072106846,N,NA,0,NA,NA,NA,0.17,NA
Pistol33,Pistol33_strike3,24,30,1,198.3679669,0.42,4.072106846,Y,8.230608778,1,10.55157938,0.12,0.13,0.17,81.16599523
Pistol33,Pistol33_strike4,24,30,1,198.8188976,0.42,4.072106846,Y,8.146234896,1,10.78341887,0.13,0.12,0.15,89.86182392
Pistol33,Pistol33_strike5,24,30,1,200.2577985,0.42,4.072106846,Y,7.664330524,1,13.94484317,0.17,0.13,0.15,107.2680244
Pistol33,Pistol33_strike6,24,30,1,203.246002,0.42,4.072106846,M,NA,1,16.1103677,0.18,0.12,0.17,134.2530642
Pistol33,Pistol33_strike7,24,30,1,198.5527612,0.42,4.072106846,M,NA,1,14.98940887,0.12,0.15,0.17,99.92939247
Pistol33,Pistol33_strike8,24,30,1,198.25356,0.42,4.072106846,Y,6.789198331,1,12.11976569,0.18,0.12,0.17,100.9980474
Pistol33,Pistol33_strike9,24,30,1,195.7758725,0.42,4.072106846,Y,7.694961399,1,12.65660599,0.17,0.12,0.17,105.4717166
Pistol33,Pistol33_strike10,24,30,1,197.6752482,0.42,4.072106846,M,NA,1,14.93783527,0.17,0.15,0.15,99.58556847
Pistol51,Pistol51_strike1,24,30,1,206.0174779,0.18,2.885495861,N,NA,0,NA,0.17,0.1,0.13,NA
Pistol51,Pistol51_strike2,24,30,1,205.747431,0.18,2.885495861,N,NA,0,NA,0.12,0.1,0.13,NA
Pistol51,Pistol51_strike3,24,30,1,208.0409432,0.18,2.885495861,Y,6.017897764,1,12.13893751,0.1,0.1,0.12,121.3893751
Pistol51,Pistol51_strike4,24,30,1,206.9877457,0.18,2.885495861,Y,5.977021187,1,13.88024967,0.15,0.12,0.13,115.6687473
Pistol51,Pistol51_strike5,24,30,1,206.8175349,0.18,2.885495861,Y,6.199535986,1,9.398412911,0.08,0.1,0.12,93.98412911
Pistol51,Pistol51_strike6,24,30,1,209.2441,0.18,2.885495861,N,NA,1,13.79707637,0.15,0.08,0.15,172.4634546
Pistol51,Pistol51_strike7,24,30,1,204.5649957,0.18,2.885495861,N,NA,1,11.23219147,0.15,0.08,0.15,140.4023934
Pistol51,Pistol51_strike8,24,30,1,206.2989471,0.18,2.885495861,Y,6.026596901,1,13.72608488,0.1,0.12,0.13,114.3840407
Pistol51,Pistol51_strike9,24,30,1,204.7515514,0.18,2.885495861,Y,6.095962941,1,12.84617956,0.13,0.12,0.13,107.0514963
Pistol51,Pistol51_strike10,24,30,1,202.2977024,0.18,2.885495861,Y,6.181481943,1,9.320588537,0.1,0.1,0.12,93.20588537
Pistol21,Pistol21_strike1,72,30,1,201.5201634,0.32,3.6428035,Y,7.552867629,1,9.831892957,0.12,0.12,0.17,81.93244131
Pistol21,Pistol21_strike2,72,30,1,187.590294,0.32,3.6428035,Y,6.704547959,1,8.67395593,0.13,0.08,0.17,108.4244491
Pistol21,Pistol21_strike3,72,30,1,194.6187109,0.32,3.6428035,M,NA,0,NA,0.15,0.1,0.13,NA
Pistol21,Pistol21_strike4,72,30,1,192.7263336,0.32,3.6428035,N,NA,0,NA,0.13,0.1,0.13,NA
Pistol21,Pistol21_strike5,72,30,1,189.8520518,0.32,3.6428035,Y,7.261227549,1,9.538686001,0.12,0.12,0.12,79.48905001
Pistol21,Pistol21_strike6,72,30,1,187.0396591,0.32,3.6428035,Y,6.898825408,1,9.704835666,0.13,0.12,0.15,80.87363055
Pistol21,Pistol21_strike7,72,30,1,172.478398,0.32,3.6428035,N,NA,0,NA,NA,NA,0.08,NA
Pistol21,Pistol21_strike8,72,30,1,183.0459139,0.32,3.6428035,M,NA,1,9.469940335,0.13,0.12,0.15,78.91616946
Pistol21,Pistol21_strike9,72,30,1,177.4012657,0.32,3.6428035,Y,6.055255133,1,2.762915082,0.1,0.05,0.1,55.25830164
Pistol21,Pistol21_strike10,72,30,1,182.1692838,0.32,3.6428035,M,NA,1,6.553000347,0.1,0.1,0.13,65.53000347
Pistol13,Pistol13_strike1,72,30,1,204.521124,1.3,6.742467521,Y,NA,0,NA,0.23,0.25,0.27,NA
Pistol13,Pistol13_strike2,72,30,1,201.4384364,1.3,6.742467521,Y,NA,0,NA,0.25,0.23,0.27,NA
Pistol13,Pistol13_strike3,72,30,1,193.3559264,1.3,6.742467521,M,NA,0,NA,NA,NA,0.27,NA
Pistol13,Pistol13_strike4,72,30,1,193.2687177,1.3,6.742467521,Y,NA,0,NA,NA,NA,0.25,NA
Pistol13,Pistol13_strike5,72,30,1,200.1830094,1.3,6.742467521,N,NA,0,NA,0.23,0.25,0.23,NA
Pistol13,Pistol13_strike6,72,30,1,201.0858328,1.3,6.742467521,N,NA,1,38.70474716,0.3,0.2,0.25,193.5237358
Pistol13,Pistol13_strike7,72,30,1,199.5998925,1.3,6.742467521,M,NA,1,27.99015779,0.23,0.22,0.25,127.22799
Pistol13,Pistol13_strike8,72,30,1,201.3028287,1.3,6.742467521,Y,12.66262133,1,39.40415301,0.27,0.2,0.27,197.0207651
Pistol13,Pistol13_strike9,72,30,1,197.5512475,1.3,6.742467521,Y,13.6783255,1,28.6248574,0.22,0.22,0.28,130.1129882
Pistol13,Pistol13_strike10,72,30,1,196.8356995,1.3,6.742467521,N,NA,1,30.08368554,0.22,0.22,0.27,136.7440252
Pistol60,Pistol60_strike1,72,30,1,198.7647639,0.2,3.007756392,Y,4.91545971,1,2.775625572,0.07,0.05,0.1,55.51251144
Pistol60,Pistol60_strike2,72,30,1,200.527915,0.2,3.007756392,N,NA,1,3.599820719,0.05,0.08,0.1,44.99775899
Pistol60,Pistol60_strike3,72,30,1,191.7221124,0.2,3.007756392,N,NA,0,NA,NA,NA,0.1,NA
Pistol60,Pistol60_strike4,72,30,1,199.6840311,0.2,3.007756392,M,NA,1,2.55355525,0.08,0.03,0.1,85.11850833
Pistol60,Pistol60_strike5,72,30,1,200.5405789,0.2,3.007756392,Y,4.94751251,1,3.073289386,0.07,0.05,0.08,61.46578772
Pistol60,Pistol60_strike6,72,30,1,195.8737934,0.2,3.007756392,M,NA,1,2.635012427,0.05,0.07,0.08,37.64303467
Pistol60,Pistol60_strike7,72,30,1,187.590294,0.2,3.007756392,N,NA,0,NA,NA,NA,0.08,NA
Pistol60,Pistol60_strike8,72,30,1,191.0887348,0.2,3.007756392,N,NA,1,2.367022138,0.08,0.03,0.08,78.90073793
Pistol60,Pistol60_strike9,72,30,1,195.3841369,0.2,3.007756392,Y,4.760657637,1,2.963225345,0.1,0.05,0.08,59.2645069
Pistol60,Pistol60_strike10,72,30,1,202.9156379,0.2,3.007756392,N,NA,0,NA,NA,NA,0.1,NA
Pistol43,Pistol43_strike1,72,30,1,210.6444883,0.77,4.991965735,N,NA,0,NA,0.2,0.15,0.2,NA
Pistol43,Pistol43_strike2,72,30,1,215.9948774,0.77,4.991965735,N,NA,0,NA,0.2,0.15,0.18,NA
Pistol43,Pistol43_strike3,72,30,1,217.9294512,0.77,4.991965735,Y,10.11487584,1,23.90726438,0.2,0.17,0.18,140.6309669
Pistol43,Pistol43_strike4,72,30,1,198.9489808,0.77,4.991965735,Y,12.18729967,1,14.83293656,0.17,0.13,0.18,114.099512
Pistol43,Pistol43_strike5,72,30,1,209.4142016,0.77,4.991965735,Y,10.49274319,1,17.68291144,0.22,0.13,0.2,136.0223957
Pistol43,Pistol43_strike6,72,30,1,215.8535704,0.77,4.991965735,Y,10.00595067,1,20.86269743,0.22,0.13,0.2,160.4822879
Pistol43,Pistol43_strike7,72,30,1,208.6608573,0.77,4.991965735,N,NA,1,14.64261081,0.13,0.12,0.18,122.0217568
Pistol43,Pistol43_strike8,72,30,1,219.3196626,0.77,4.991965735,N,NA,1,23.74525292,0.23,0.12,0.2,197.8771077
Pistol43,Pistol43_strike9,72,30,1,214.9538632,0.77,4.991965735,N,NA,0,NA,NA,NA,0.18,NA
Pistol53,Pistol53_strike1,24,12,1,194.1247515,0.2,3.257825057,N,NA,1,3.613111253,0.08,0.05,0.08,72.26222506
Pistol53,Pistol53_strike2,24,12,1,191.2670542,0.2,3.257825057,N,NA,0,NA,NA,NA,0.1,NA
Pistol53,Pistol53_strike3,24,12,0,NA,0.2,3.257825057,N,NA,0,NA,NA,NA,NA,NA
Pistol53,Pistol53_strike4,24,12,1,195.2106968,0.2,3.257825057,Y,5.654582915,1,2.496202449,0.07,0.05,0.1,49.92404898
Pistol53,Pistol53_strike5,24,12,1,194.9257588,0.2,3.257825057,Y,5.202725805,1,2.182623715,0.08,0.03,0.08,72.75412383
Pistol53,Pistol53_strike6,24,12,1,195.6056537,0.2,3.257825057,N,NA,1,2.148787267,0.08,0.03,0.1,71.62624223
Pistol53,Pistol53_strike7,24,12,1,194.308093,0.2,3.257825057,Y,5.607086831,1,2.169070649,0.07,0.05,0.1,43.38141298
Pistol53,Pistol53_strike8,24,12,1,201.1249366,0.2,3.257825057,Y,5.506201331,1,3.210232609,0.07,0.07,0.12,45.86046584
Pistol53,Pistol53_strike9,24,12,1,195.771457,0.2,3.257825057,Y,5.465800039,1,1.962792607,0.05,0.05,0.08,39.25585214
Pistol53,Pistol53_strike10,24,12,1,193.4650716,0.2,3.257825057,N,NA,0,NA,NA,NA,0.1,NA
Pistol31,Pistol31_strike1,24,12,0,NA,0.42,4.238252136,N,NA,0,NA,NA,NA,NA,NA
Pistol31,Pistol31_strike2,24,12,1,211.2958981,0.42,4.238252136,N,NA,1,14.95524061,0.15,0.13,0.15,115.0403124
Pistol31,Pistol31_strike4,24,12,1,208.8475147,0.42,4.238252136,Y,7.697802504,1,12.99701471,0.17,0.12,0.15,108.3084559
Pistol31,Pistol31_strike3,24,12,1,208.1706208,0.42,4.238252136,N,NA,1,14.12035609,0.15,0.15,0.17,94.13570727
Pistol31,Pistol31_strike5,24,12,1,212.329177,0.42,4.238252136,M,NA,1,11.46586769,0.13,0.12,0.17,95.54889742
Pistol31,Pistol31_strike6,24,12,1,209.8254354,0.42,4.238252136,Y,7.422101785,1,10.82972064,0.13,0.13,0.17,83.30554338
Pistol31,Pistol31_strike7,24,12,1,207.8468185,0.42,4.238252136,N,NA,1,14.31721804,0.13,0.17,0.15,84.21892965
Pistol31,Pistol31_strike8,24,12,1,210.1868943,0.42,4.238252136,Y,7.023442447,1,10.50987111,0.17,0.1,0.17,105.0987111
Pistol31,Pistol31_strike9,24,12,1,210.4575394,0.42,4.238252136,Y,7.193012906,1,12.76650452,0.12,0.17,0.15,75.09708541
Pistol31,Pistol31_strike10,24,12,1,209.8384544,0.42,4.238252136,Y,7.809860459,1,11.65588386,0.13,0.15,0.15,77.7058924
Pistol27,Pistol27_strike1,24,12,1,205.4435847,0.32,3.786532812,Y,5.513162802,1,4.600207642,0.12,0.07,0.12,65.71725203
Pistol27,Pistol27_strike2,24,12,1,200.2316325,0.32,3.786532812,N,NA,1,4.336266907,0.1,0.07,0.12,61.9466701
Pistol27,Pistol27_strike3,24,12,1,204.1134546,0.32,3.786532812,N,NA,1,6.658361323,0.15,0.05,0.13,133.1672265
Pistol27,Pistol27_strike4,24,12,1,202.5922178,0.32,3.786532812,N,NA,1,6.715315369,0.12,0.08,0.12,83.94144211
Pistol27,Pistol27_strike5,24,12,1,201.3086136,0.32,3.786532812,Y,5.738272527,1,6.52371074,0.13,0.07,0.13,93.19586771
Pistol27,Pistol27_strike6,24,12,1,200.1195441,0.32,3.786532812,N,NA,0,NA,NA,NA,0.12,NA
Pistol27,Pistol27_strike7,24,12,1,202.3183359,0.32,3.786532812,Y,5.719334152,1,6.545643611,0.13,0.08,0.13,81.82054514
Pistol27,Pistol27_strike8,24,12,1,195.9384882,0.32,3.786532812,Y,5.728343048,1,7.204825678,0.12,0.1,0.12,72.04825678
Pistol27,Pistol27_strike9,24,12,1,186.9917141,0.32,3.786532812,Y,5.703153537,1,5.143102668,0.13,0.07,0.12,73.47289526
Pistol27,Pistol27_strike10,24,12,1,188.5818403,0.32,3.786532812,Y,5.759081814,1,7.20925836,0.13,0.08,0.12,90.1157295
Pistol32,Pistol32_strike1,24,12,1,175.6578554,0.15,2.817092774,N,NA,1,4.691163931,0.08,0.07,0.12,67.01662759
Pistol32,Pistol32_strike2,24,12,1,179.01918,0.15,2.817092774,N,NA,1,5.39193577,0.1,0.07,0.1,77.02765386
Pistol32,Pistol32_strike3,24,12,1,178.7439421,0.15,2.817092774,N,NA,0,NA,NA,NA,0.1,NA
Pistol32,Pistol32_strike4,24,12,1,180.8714016,0.15,2.817092774,Y,5.238830346,1,5.228390775,0.07,0.08,0.12,65.35488469
Pistol32,Pistol32_strike5,24,12,1,179.4887281,0.15,2.817092774,N,NA,0,NA,NA,NA,0.1,NA
Pistol32,Pistol32_strike6,24,12,1,183.7903191,0.15,2.817092774,Y,5.139384774,1,5.364250053,0.07,0.08,0.1,67.05312566
Pistol32,Pistol32_strike7,24,12,1,179.7695927,0.15,2.817092774,N,NA,1,5.041619031,0.08,0.07,0.13,72.02312901
Pistol32,Pistol32_strike8,24,12,1,182.0105588,0.15,2.817092774,Y,5.243762852,1,5.102602387,0.08,0.07,0.1,72.89431981
Pistol32,Pistol32_strike9,24,12,1,180.5360063,0.15,2.817092774,Y,5.269541099,1,5.185111206,0.08,0.08,0.1,64.81389008
Pistol32,Pistol32_strike10,24,12,1,181.0278746,0.15,2.817092774,Y,5.143147383,1,4.738062806,0.08,0.07,0.12,67.68661151
Pistol39,Pistol39_strike1,72,12,1,201.6602445,0.57,4.447086258,N,NA,1,7.830951788,0.13,0.1,0.13,78.30951788
Pistol39,Pistol39_strike2,72,12,1,193.6347369,0.57,4.447086258,N,NA,1,6.966096676,0.12,0.1,0.13,69.66096676
Pistol39,Pistol39_strike3,72,12,1,194.3778152,0.57,4.447086258,N,NA,0,NA,NA,NA,0.13,NA
Pistol39,Pistol39_strike4,72,12,0,NA,0.57,4.447086258,N,NA,0,NA,NA,NA,NA,NA
Pistol39,Pistol39_strike5,72,12,1,196.3373447,0.57,4.447086258,N,NA,0,NA,NA,NA,0.15,NA
Pistol39,Pistol39_strike6,72,12,1,197.0178119,0.57,4.447086258,M,NA,1,7.568823728,0.13,0.08,0.13,94.6102966
Pistol39,Pistol39_strike7,72,12,1,197.6223138,0.57,4.447086258,Y,8.768720216,1,8.329204283,0.12,0.08,0.13,104.1150535
Pistol39,Pistol39_strike8,72,12,1,197.3253207,0.57,4.447086258,N,NA,0,NA,NA,NA,0.13,NA
Pistol39,Pistol39_strike9,72,12,1,197.2609925,0.57,4.447086258,N,NA,1,8.021131111,0.17,0.07,0.13,114.5875873
Pistol39,Pistol39_strike10,72,12,1,194.2221866,0.57,4.447086258,N,NA,1,8.916589632,0.18,0.07,0.13,127.3798519
Pistol41L,Pistol41_strike2B,72,12,1,199.7811844,0.46,3.755671297,Y,6.60300301,1,5.442761355,0.13,0.07,0.12,77.75373364
Pistol41L,Pistol41_strike5B,72,12,0,NA,0.46,3.755671297,N,NA,0,NA,NA,NA,NA,NA
Pistol41L,Pistol41_strike7B,72,12,0,NA,0.46,3.755671297,N,NA,1,7.243278154,0.12,NA,NA,NA
Pistol41R,Pistol41_strike1,72,12,1,205.1287228,0.46,4.163807393,N,NA,1,10.28855818,0.15,0.07,0.15,146.9794026
Pistol41R,Pistol41_strike2A,72,12,1,197.0556681,0.46,4.163807393,Y,7.748187439,1,8.520395915,0.15,0.07,0.13,121.7199416
Pistol41R,Pistol41_strike3,72,12,1,201.8308705,0.46,4.163807393,N,NA,1,7.830929003,0.13,0.08,0.12,97.88661254
Pistol41R,Pistol41_strike4,72,12,1,201.5742066,0.46,4.163807393,M,NA,0,NA,NA,NA,0.13,NA
Pistol41R,Pistol41_strike6,72,12,1,200.3745899,0.46,4.163807393,Y,7.132474267,1,5.546710555,0.07,0.07,0.13,79.23872221
Pistol41R,Pistol41_strike7A,72,12,0,NA,0.46,4.163807393,N,NA,1,11.65834669,0.15,NA,NA,NA
Pistol41R,Pistol41_strike8,72,12,1,200.8669432,0.46,4.163807393,N,NA,1,10.1860046,0.15,0.08,0.13,127.3250575
Pistol41R,Pistol41_strike9,72,12,1,200.4936397,0.46,4.163807393,N,NA,0,NA,NA,NA,0.13,NA
Pistol41R,Pistol41_strike10,72,12,1,203.3655715,0.46,4.163807393,N,NA,1,6.129296175,0.13,0.08,0.13,76.61620219
Pistol41R,Pistol41_strike11,72,12,1,200.0368368,0.46,4.163807393,N,NA,0,NA,NA,NA,0.12,NA
Pistol41R,Pistol41_strike12,72,12,1,201.5854343,0.46,4.163807393,N,NA,0,NA,NA,NA,0.13,NA
Pistol41R,Pistol41_strike13,72,12,1,200.7689449,0.46,4.163807393,N,NA,0,NA,NA,NA,0.13,NA